UniprotID,UniprotAC,dbPTMSequence
AFF4_DROWI,B4MUE1,AAAAAAAAAAVAVVNSSNGQKLFQSSIGGGTGA
ALFC5_ARATH,O65581,LGKYTGGASGDSAASESLYEEGYKY--------
AAK1_BOVIN,F1MH24,KYTTLSYRAPEMVNLYSGKVITTKADIWALGCL
AAK1_BOVIN,F1MH24,KASEAAAKKTQPKARLTDPIPTTETSIAPRQRP
AAK1_BOVIN,F1MH24,SQPLPQSQPKQPQAPPTSQQPPSAPAQALPTQA
AML5_ARATH,Q8VWF5,VEQVVDEESKNMDLLDSQLSDDDGRERS-----
ARH_RAT,D3ZAR1,---MDALKSAGRALIRSPSLAKQSWAGGRHRKL
AT8A2_BOVIN,C7EXK4,------------MSRATSVGDQLDVPARTIYLN
CHX17_ARATH,Q9SUQ7,VGISKNVTTEESLVEDSESP-------------
ASPH1_BOVIN,A1L515,GAVGGRPGGCSEAGRPSPGRSGESGEGPRTEGL
APOB_MOUSE,E9Q414,PEKKLSIFKTEWRYKESDGERYIKINWEEEAAS
AT2B1_MOUSE,G5E829,FRSSLYEGLEKPESRSSIHNFMTHPEFRIEDSE
BAG7_ARATH,Q9LVA0,RKEIAEGVTQIVQMLETEEE-------------
CRK45_ARATH,Q8GY82,FELARTMQQGENAAETTEIVGTVGYLDPEYIRS
CINV1_ARATH,Q9LQF2,SLEEDKLMKPVIKRSASWPQL------------
PTPRC_CYPCA,Q9IBD8,DFNRVIFRLDIEGNQTSDPEDEEEYSSDEEEES
PXL1_ARATH,Q9FRS6,REEWPWRLVAFQRLCFTAGDILSHIKESNIIGM
PXG4_ARATH,Q9CAB7,KNGLLHKDTVRAAYDGSLFEKLEKQRSSKTSKK
NUR1_YEAS2,C7GJM5,--------------MGSNDLINEAYDDSEVVGE
NUR1_YEAS2,C7GJM5,SEFNVLNKNDINSILRSPKKKKNYHKR------
PAR10_MOUSE,Q8CIE4,ATGQEGLMGLVGTAMESVETGLESPGYGEMQKQ
P4KG7_ARATH,Q9SI52,KPLTRGKSENTSSGHKSANEQLPVSASFVKVAD
NCK1_MOUSE,Q99M51,GQIGWFPSNYVTEEGDSPLGDHVGSLSEKLAAV
NLK_RAT,D3ZSZ3,KSFISSTVAQPSEMPPSPLVWE-----------
RN169_BOVIN,F1MRW8,QRMFDNERRTVSRRKGSVDQYLLRSSSMAGAK-
PUS7_MOUSE,Q91VU7,----------MEMTSTSLKRGCLVVEDNDSVTP
RA51C_CRIGR,Q8R2J9,------MQRELVSFPLSPTVRVKLVAAGFQTAE
RIPL1_RAT,D3ZUQ0,----------MEEPLGSPPAALSALEKNVAELT
RBK1_ARATH,Q8H1D6,WLPENWPHHVVFPIEGTFGYLAPEYFMHGIVDE
RBG4_ARATH,Q9LIS2,LGSLRYMSSKLFVGGLSWGTDDSSLKQAFTSFG
RIPK_ARATH,Q9ZUF4,SEDLSISLAGSDLHVFTLAELKVITQSFSSTNF
RRT14_YEAS7,A6ZVE9,DHRYPGLTPGLAPVGLSDEEDSSEED-------
RKS1_ARATH,Q9ZT07,YSFGVLMLEIITGKKNSAFHEESSNLVGHIWDL
PHF10_RAT,Q4V7A6,------MAAAGPGAALSPRRCDSDPASPGAQSP
PIEZ1_MOUSE,E2JF22,GSQELLANARTRMRTASELLLDRRLHIPELEEA
PIA2_ARATH,Q9FNP4,--MLQEPSAAFSLRRNSFRRRSPRSNVDDRGWN
PKNF_MYCTO,P9WI74,---------MPLAEGSTFAGFTIVRQLGSGGMG
RL12_CANLF,E2RR58,HDIIDDINSGAVECPAS----------------
PERK3_ARATH,Q1PEM5,LPAPIGLVLGIHQSTFTYGELARATNKFSEANL
PKNB_MYCS2,A0QNG1,EGQAPDAPKVLTDAERTSMLAAPPADRAGAATQ
PRK2_ARATH,Q84JQ4,YKKEEKLFVSDFVANGSLAAHLHGHKSLGQPSL
PRK2_ARATH,Q84JQ4,HLHGHKSLGQPSLDWPTRFNIVKGVGRGLLYLH
PCRK2_ARATH,Q9LZF8,NSNTSMSARENNLREFTIGDLKSATRNFSRSGM
PKNA_MYCTU,P9WI83,GLVHRDVKPGNILITPTGQVKITDFGIAKAVDA
PRK4_ARATH,Q9LJY0,EEKLLIAEFMPNRSLASHLHANHSVDQPGLDWP
PIX7_ARATH,Q9LFP7,PVISEELNISSHLRKFTFNDLKLSTRNFRPESL
PKNL_MYCTU,P9WI63,ADFGLVRAVAAASITSTGVILGTAAYLSPEQVR
PLM_SHEEP,W5P3P0,PDEEEGTFRSSIRRLSTRRR-------------
PRR12_MOUSE,E9PYL2,RLDEELKRNLETLPSFSSDEEDSVAKNRDLQES
PD2R2_RAT,Q6XKD3,LRRSLLTVLESVLVEDSDLSTGPGKRCRRRHRR
PBL17_ARATH,Q8H1E3,IKDLQSNPGYENVDIFTYEEMKIATKQFRPDYI
PEK15_ARATH,Q9C821,NNLQQWSSSEIGQNLFTYEDLSKATSNFSNTNL
P4KG6_ARATH,Q8W4R8,KPPKDNQTDKALVSHKSANVQLPLSVNFVKLAD
ORRM2_ARATH,Q9FIU6,ARPQAEPSTNLFVSGLSKRTTSEGLRTAFAQFG
PEK13_ARATH,Q9CAL8,GSAPDSAVMGSGQTHFTYEELTDITEGFSKHNI
NU50B_ARATH,Q9LW88,GRSDATKETDGDSKEKSDAIDAVGKQETQGDEI
SMCA4_MOUSE,Q3TKT4,SEGEESEEEEEGEEEGSESESRSVKVKIKLGRK
SMRCD_DROME,Q9VL72,TTALGLDKDQEEQLNNSLNNSIASPAK------
SMRCD_RAT,D3Z9Z9,DEESHDLPSATRRNDISELEDLSELEDLKDAKL
RL2B_YEAST,P0CX46,QKAGLIAARRTGLLRGSQKTQD-----------
SETD6_RAT,D3ZSK5,---MAAPAKRARVSDASPLAAPCPVPRAAARVP
SMU2_ARATH,O48713,EKEGGDVASLDAAEAQTPKRSKH----------
SFR1_RAT,Q6TXG9,NAFRLAKASGRCQSMMSQMKDETKCMGAVFSGY
S38AA_RAT,E9PT23,EEEAEHAGAPDEHAGETLEDNPSQPLQPVLGAP
UBC_MOUSE,P0CG50,QLEDGRTLSDYNIQKESTLHLVLRLRGGMQIFV
SZT2_MOUSE,A2A9C3,QAPRDLIFRAQDLDHPSSSSAWMEPRCKEAATH
TDRD5_CANLF,E2QTD3,MQLSTAALSTTPAAVDSPEKHSGSVESSPESLK
TEX14_RAT,F1M5M3,GWSEPSRIIVLDQSDLSD---------------
TM163_BOVIN,A6QQX9,------METAAGSERRSTPGPAVPPPPRGHAPL
TM245_MOUSE,B1AZA5,AQTQRTFRDISEDLKSSVD--------------
SC35_ARATH,Q9FMG4,----------MSHFGRSGPPDISDTYSLLVLNI
SC16A_MOUSE,E9QAT4,SKAESTLEPKVGSSTVSAPGPELLPSKPDGSQG
SCNAA_ONYTO,P0DMA5,APKNANERKHRIKSRVSEGSTDDNRSPQSDPYN
SCNAA_ONYTO,P0DMA5,LSAEYLNEPFRAQRAMSVVSIMTSVIEELEESK
SCN2A_MOUSE,B1AWN6,-------------MAQSVLVPPGPDSFRFFTRE
SCN2A_MOUSE,B1AWN6,LPEGTTTETEIRKRRSSSYHVSMDLLEDPTSRQ
Y1343_ARATH,Q9XID3,GIEQGEKQFRMEVATISSTHHLNLVRLIGFCSQ
Y1343_ARATH,Q9XID3,IKPENILVDDNFAAKVSDFGLAKLLNPKDNRYN
Y1421_ARATH,Q9SH71,CIGDVGLTTIMRSLPQTTCLTSGYHAPEITDTR
TRM9_ARATH,Q94A09,SAKYVEEWVGPGSPMNSPRVRNNPFFSLESIPE
SLAH2_ARATH,Q9ASQ7,ASRNFHDKRYDLFRTMSGKLERQISNLRGKPTE
TTC3_MOUSE,O88196,PIKAFYESRAYIPRNSSAPAFRTSLNFVETERG
Y4052_ARATH,Q8VYT3,GTVGHIAPEYLSTGQSSEKTDVFGFGILLLELI
TPX2_BOVIN,A6H6Z7,VKETTSRNNPVQPQRRSLRLSAKKNLEQKEKQH
Y1063_ARATH,Q84MA9,QAKEECLLVYDYFPNGSLFSLIHGSKVSGSGKP
Y1063_ARATH,Q84MA9,TDYGLSDLHDPYSIEDTSAASLFYKAPECRDLR
Y1112_ARATH,Q9SXB3,FALQIQDQESVVSVSKSVNHVTQTEIYGR----
Y1136_ARATH,O64784,DEDSSLSHSQRSNDLSSVDENKSSEELNASS--
TEX14_BOVIN,F1MJR8,YFYSSIAQENLALETSSPIDEDFEGIQHACARP
WAG31_MYCS2,A0R006,QELAAARSGAGASSQATSSIPLYEPEPEPAPAP
TDRD5_BOVIN,E1BPH3,TPPKQIQLSSTPTLVNSGSVEGSPESLENEDFS
TBD2A_BOVIN,A6QP29,LETRAAQGPAVPEGSPSEDEGEAEP--------
STING_RAT,F1M391,TMSGPPTSVAPRPSLLSQEPRLLISGMEQPLPL
Y2923_ARATH,O64556,SFTLEGDSQVSTEVAGTIGYLDPEHYSMQQFSE
ZDHC5_RAT,Q2THW7,RHIVASLQEREKLLRQSPPLAGREEEPGLGDSG
Y5410_ARATH,Q9FL63,LHGKNADEGHVPLNWETRLRFMIGVAKGLGHIH
Y5410_ARATH,Q9FL63,SSARSVLRYRAPEVTDTRRSTPESDIYSFGILM
Y4423_ARATH,Q4V3C7,HPSTLHEENSGESNVSSNNSELTAPLLLKREGN
Y5185_ARATH,Q8LEB6,LSGLPEFSHLGWGHWFTLRDLQMATNQFSRDNI
VQ31_ARATH,Q9FNP0,EIVKPPLSFKPTGTTPSSKSGNTNLLTSPVGTP
Y2913_ARATH,O64477,ALPDSSDIAVKRLEGISQGEKQFRTEVVTIGTI
VQ11_ARATH,Q9M8L3,NIVQKLTGAPPDISSSSFSAVSAAHQKLPLTPK
VQ11_ARATH,Q9M8L3,SGSEPAPELLPLFPLRSPNGTNHRIHEDNHRDS
WEL2_ARATH,Q9C638,KVPGSPRAFVHPRSSGSPRFVSPTSPVLIDTAA
Y1680_ARATH,Q9M9C5,DIEEEMVGLLQIAMACTAVAADHRPKMGHVVKL
Y1668_ARATH,Q9C9N5,ESYYQAPEAASKMTKPSQKWDVYSFGLVILEMV
U520_RAT,F1LNJ2,GCDQEYKFSVDVKEAETDSDSD-----------
Y5371_ARATH,Q8W4S5,YRLRDLKAGEEGLDWPTRKRVAFGSAHGLEYLH
Y5576_ARATH,Q5XF57,SETKNKPKPQPLIQCFTYNEISKATNDFHQGNI
Y4960_ARATH,O23082,NTDQTSQTMFTSKVAGTYGYMAPEYAMSGQFSV
Y5573_ARATH,Q9SI06,TSRSLDPTITTKNRRFTYSEVVKMTNNFEKILG
Y5639_ARATH,Q9LVP0,PSEMSLDIYFPPKEGFTFQDLVAATDNFDESFV
ZC3HD_MOUSE,E9Q784,SGSSIQRHSPSPRRKRTPSPSYQRTLTPSLRRS
VQ13_ARATH,O23660,PEILTPTILNFPALDLSPDTPLMSDPFYRPGSF
VQ13_ARATH,O23660,TPLMSDPFYRPGSFSQSPSDSKPSFDDDQERSI
VQ13_ARATH,O23660,TTPRDTEPRLLSLFPMTPIHSPAPSPHDH----
VQ4_ARATH,Q5M750,-MENSPRYREATNLIPSPRCHNSNNSCGMSSSS
VQ4_ARATH,Q5M750,LLPLFPVTSPRVSGSSSASTS------------
ZFY26_RAT,D4A8G9,AAAAPAPAAPGSALVCSPSPKERAFPQTQPPLE
ZIC5_MOUSE,Q7TQ40,GALGYSSVGTPVGDPLSPVLDPTRSRSSTLSPQ
VDAC2_MESAU,P86223,LTFTEKLTFDTTFSPNTGKKSNFAVGYRTGDFQ
VDAC4_ARATH,Q9FKM2,YKGQNTIVDLKIDSHSSVSTKVTLKNLLPSAKA
CAMK1_ARATH,O80673,VHVVLQDWIRHSDGKLSFLGFVRLLHGVSSRTL
CASP8_RAT,Q9JHX4,VSVLDEVTIKMQDMWDSPGEQESESLNSDNVYQ
BRSK1_RAT,B2DD29,ADFGMASLQVGDSLLETSCGSPHYACPEVIKGE
BRSK1_RAT,B2DD29,GGTPLHSPLHTPRASPTGTPGTTPPPSPGGGVG
BIG2_ARATH,Q9LZX8,GSPQLANGNADESADGSDTYSESSGGTSDALAI
BIP_CRIGR,G3I8R9,EIDVNGILRVTAEDKGTGNKNKITITNDQNRLT
CCDC6_MOUSE,D3YZP9,SSPIPYTPSPSSSRPISPGLSYASHTVGFTPPT
CDC11_CANAL,G1UB61,KFDENGDVVKVHEEESSENEVKVI---------
CC177_MOUSE,Q3UHB8,LVPLTARSFSLGDLSHSPQTAQHVERIVRQVRA
CTIP_RAT,B1WC58,MSFENIQWSVDPGADLSQYKMDVTVIDTKDSSH
CRU4_ARATH,Q9ZWA9,VQGEGVMGTIASGCPETFAEVEGSSGRGGGGDP
CRU4_ARATH,Q9ZWA9,DDPERSDHFSTRAGRISTLNSLNLPVLRLVRLN
CRU4_ARATH,Q9ZWA9,VSKTAGETGFEWISFKTNDNAYINTLSGQTSYL
CRU4_ARATH,Q9ZWA9,KASYGVNEEEAKRIKFSQQETMLSMTPSSSS--
CACB4_RAT,D4A055,YPDSYQDTYKPHRNRGSPGGCSHDSRHRL----
BTBDI_HUMAN,B2RXH4,SNEQEMSPTRTELCQDSPMCTKLQDILVSASHS
BTBDI_HUMAN,B2RXH4,GKEVSGHSELLGSLPASSEEEEIDVVDWTAEGR
BIG2_MOUSE,A2A5R2,YKIWIPEEPSQVPAALSSTW-------------
DC1I1_BOVIN,Q29RQ3,EDEDDEEMVEPKGDQDSEQENEDKKQEVKEAPP
DC1I1_BOVIN,Q29RQ3,TRFARTLVEIRANRADSEEEGAVELSA------
DCP1A_PIG,I3LHS8,SEKQAPSYAIPLHPVLSPTLPAEASTAQAPPSL
A14_VACCW,Q76ZQ3,KHCAPHRVSGVIHTNHSDISMN-----------
ABC1_MYCTU,O65934,QTGTLGSGQLQQLPPATTRIPAAPPSGPQPRYP
ACACB_MOUSE,E9Q4Z2,WLKIWGKMTDSKPLTNSKVEANLLSSEESLSAS
DEN4C_MOUSE,A6H8H2,SRDTQAGAQDPVNKRSSSYATRKAIEREDVETG
BIN2_MOUSE,D3Z6Q9,RRSLVISPPVQSCAASSPVSPVSPVSPVTSPTS
CE152_MOUSE,A2AUM9,NHDMKNKLEALRALCRTPPRSLSAGAAESAGPS
DNMBP_RAT,M0R4F8,RASSLTASRVNRPGHFSHTAMASCAQKHQTSAE
CCR1_ARATH,Q9S9N9,----------MPVDVASPAGKTVCVTGAGGYIA
ATPD_ARATH,Q9SSS9,LEDIASQLELGEIQLAT----------------
EFC4A_RAT,B0BNK9,--------------MASPGPPGAGQGQEEEERA
ELAV1_RAT,B5DF91,---------------MSNGYEDHMAEDCRDDIG
GIN4_CANAL,Q59W62,-------MPHSRQPSISSSIMSQSNHNHPQKIG
INCG_CHLT2,A0A0H3MGR4,GAFDDINKDNSRSRSRSF---------------
IPB1_YEASX,P0CT05,KHNDVIENVEEDKEVHTN---------------
GWL_CANLF,E2RJI4,DTSYFEARNNAQHLTVSGFSL------------
GWL_XENLA,Q6NTJ3,RTPGQVLSLISSLGFNTPAGGRTQGSLNQQTEG
ENO1_ARATH,Q9C9C4,IEEELGNVRYAGEAFRSP---------------
EDE1_ARATH,O80588,SSSSSSAGDLHQLTSNSPRHHHQHQNQRSTSAQ
E2F7_RAT,D4A4D7,NPNPVMPGSHGVIHPESPGYMRHPVSMVKAEQS
CRCK2_ARATH,Q8VZJ9,VQRSYGNANETEHTRFTFDEIYDATKNFSPSFR
CRCK3_ARATH,Q9ASQ5,RYAMSPRPSRLGPLNLTMSQINTATGNFADSHQ
COIL_MOUSE,Q5SU73,ITVLWRELIDPRLIIDSSGSISST---------
EST2E_MOUSE,Q8BK48,QFWTKTLPQKIQELKGSQERHKEL---------
GSTUF_ARATH,Q9LQ48,AAFIALSKGKSFFGGETIGFIDICLGSFLVLLK
GSTF9_ARATH,O80852,-----MVLKVYGPHFASPKRALVTLIEKGVAFE
H11_RAT,D4A3K5,VNKGTLVQTKGTGAAGSFKLNKKAESKASTTKV
HBA_TAMST,B3EWD9,--------------VLSPADKTNLKAAWHKLGG
H3X_HUMAN,P0DPK5,-------------MARTKQTARKATAWQAPRKP
H3C_BOVIN,A5PK61,-------------MARTKQTARKSTGGKAPRKQ
HOL3_ARATH,Q6AWU6,ALVPGCGTGYDVVAMASPDRHVVGLDISKTAVE
GTPB1_RAT,D2XV59,-----------MAAERSRSPVDSPVPASMFAPE
SRC8_RAT,Q66HL2,LKAEPSYGSSEPEPEYSTEAAGLPEASNQQGLA
SRC30_ARATH,Q8L3X8,RRRGGRAVSRSPSGSRSRSVEVSPR--------
SRC30_ARATH,Q8L3X8,AVSRSPSGSRSRSVEVSPR--------------
TOL4_ARATH,Q6NQK0,SSSSPVFDDASPQQSKSSEVIRNLPPPPSRHNQ
STKLJ_ARATH,Q9CAV7,-MTSDHRDALFSLELESPDPDEGGVADGGESDT
STKLM_ARATH,Q8LG05,AESPAVKSGNNEGATESPAVKSGKKRASEGTTS
SILIC_PETFI,Q6YD92,KMSRGMSNQCGIATYASFPTL------------
SP1L5_ARATH,Q8LGD1,VDSTEEDHEADQKPKISNNNYQRVQGQNSGNFV
TPR3_ARATH,Q84JM4,LFTDHTCTLPNGPLAPSAVNQPVTTLTKPAAYP
TM238_MOUSE,A9JSM3,LQLATLEAGSVAAGTGSE---------------
SRGP2_RAT,D4A208,KQIGKSVKQEDRQTPRSPDSTANVRIEEKHVRR
TORL3_ARATH,Q6NPR6,LSENPNSNNCKGLEDISLIRNQLVQIEQQQANL
TORL4_ARATH,Q93ZH1,NCKDDVEESKKDSEELSLIREQLALIENQQSSL
SRPK3_PIG,B8Y466,LAPPTPAPRMLQGLLGSDDEEQEDPKDYCKGGY
SRPK3_PIG,B8Y466,STSSSGCHPGGAGPGPSPASSSPAPGGDRSLSP
POLAR_ARATH,Q6NQ99,SSTCSERSVPRSYEACSIHRTSFSR--------
RHG44_RAT,F1LQX4,SPLEHARRHSVTDKRDSEEESESTAL-------
PLP1_ARATH,O23179,RYAKILSDERKLRRLRSDTMIKDSSNESQEIK-
RIPR2_RAT,Q7TP54,PSSGPGNKTAALQRRMSMYSQGTPETPTFKDQS
NRT21_ARATH,O82811,AENAKSEGGRRVRSAATPPENTPNNV-------
NUMBL_RAT,A1L1I3,SPTPATTSPGEKGEAGTPVAAGTTAAAIPRRHA
PBL8_ARATH,Q8GXZ3,RDDSRTPISYAQVIPFTLFELETITKSFRPDYI
OSTC2_SOLSE,P86863,-----------AVPAGTLSPLQMESLREVCEVN
PHR1_ARATH,Q94CL7,SKEVPEEETRKCEELESPQPKRPKIDN------
VAT1_RAT,Q3MIE4,AAAEARAETGAGEGAPSQPPTVEVASDPQPPPA
UVRAG_MOUSE,Q8K245,FEEFSRRIYALSENVSSFRRPRRSSDK------
VAP22_ARATH,B9DHD7,DQGFTNGIAVDSEPKISKERDVVQLQKTDGQNV
VAP41_ARATH,Q1ECE0,ERREKYLARQQVESVDSLS--------------
VAP42_ARATH,Q8VYN2,ERRERYLAQQQGEGADSV---------------
UBP42_MOUSE,B2RQC2,TGGSSPKDPVSQLEPISDEPSPLEIPEAVTNGS
VAP13_ARATH,Q84WW5,SLNDIASQSASLFDDVSRTFEETSEKSSEAWSM
VILI5_ARATH,Q9LVC6,AEAPKSTSETNEEEAMSSINEDSKEEEAEEESS
YAP1_RAT,Q2EJA0,ITQSAPVKQPPPLAPQSPQGGVLGGGSSNQQQQ
URGT5_ARATH,Q9SZ96,YSLPTTRQQKLGATSDSDEHRDKA---------
INVF_ARATH,Q9C560,------MSLSLYDSAHSLDGKSGWDTPVFSMKD
LRA25_RAT,Q566R4,QTHNARDQWLQDAFQISL---------------
MACF1_RAT,D3ZHV2,-------------MSSSDEETLSERSCRSERSC
MACF1_RAT,D3ZHV2,PTHAPFIEKSRSGSRKSLNQPTPPPMPILSQSE
MACF1_RAT,D3ZHV2,ASQSNHSCTSMPSSPATPASGTKVISSTGSKLK
NCRK_ARATH,Q8VYY5,KCLSSDGLQSGSSSPTTGLQGTFGYFAPEYAIA
NPR2_ARATH,Q9SZI3,--MATTTTTTTARFSDSYEFSNTSGNSFFAAES
MIEAP_PIG,D5K8A2,----MADNLRKLVSTESLRSMQDKLENWLREYN
MINK1_RAT,F1LP90,SGTQPSYGGGTMVVQRTPEEERSLLLADSNGYT
MIRO1_ARATH,Q8RXF8,---MARYAAGAVDCPGSPKSVRIVVVGDKGTGK
M2K3_ARATH,O80396,FNELGLQKCTSSHVDESESSETTYQCASHEMRV
M2K7_ARATH,Q9LPQ3,SKIITRSLDYCNSYVGTCAYMSPERFDSAAGEN
M3K17_ARATH,O80888,EETEEIQKDSRDLDRLSLWGCYSERIGRLKCVG
M3K18_ARATH,Q9ZVP5,QMFWRSVEEEVSEDRSSWWECHEDERIGVLSWI
MA653_ARATH,Q9FHM4,KKAPRMSTGGASNRRLSLGAAMHQTPKPNKKAD
MA659_ARATH,Q4PSA3,DLKKHQGQVTSEQDKGSVTKPQSAKKGLKVSTN
MA659_ARATH,Q4PSA3,DSPHSAKSNQSFSTPLSRHG-------------
INVC_ARATH,B9DFA8,SSLFGFSPPNSGKFINSSKLHCTKIDSRSIRSG
INVC_ARATH,B9DFA8,FRNYSTSSLDSHVNDKSFESMFVKPLVFKEVEK
INVD_ARATH,F4I2X9,----------MEGVNSSSSISDLDELARLLDRP
IOS1_ARATH,Q9C8I6,SHHGFEPPVIAKNRKLTYIDVVKITNNFERVLG
MSRA1_ARATH,Q9FKF7,HHQQYLSKGGRFGLKQSTEKGCNDPIRCYG---
MTMR6_RAT,A0A0G2JXT6,KSGILTKDLLHAVHPESPSLKTSLCLKEQSLLP
KMT2D_MOUSE,Q6PDK2,VFKAPLTPRASQVEPQSPGLGLRAQEPPPAQAL
KPCI_RAT,F1M7Y5,--------------MPTQRDSSTMSHTVACGGG
LAS1L_MOUSE,A2BE28,EEEDRMEVGAFSLAQGSSVFENTRTTSRKREAL
KPCB_DANRE,Q7SY24,DQEVIMNLDQDEFEGFSFINPEFPAMEAQS---
KI16B_MOUSE,B1AVY7,QKLGSLHTSEWSGWQASLETDGEALEMDPARLE
KINGL_ARATH,Q9CAR3,CEAYFEKVQSRKNLPKSLQETLNSAFAGIPVSS
MYG_CAPHI,B7U9B5,-------------MGLSDGEWTLVLNAWGKVEA
MYG_HYSCR,C0HJQ9,-------------MGLSDGEWQLVLNVWGKVEG
H2A_MAGO7,P0CT12,NLLPKKTGKTAGGKNASQEM-------------
H11_BOVIN,G3N131,KAVKPKGAKVKVTKPKTAAKPKKAAPKKK----
MICA3_BOVIN,G3MWR8,AQSAHPPLAAVATGVRSPAESPLPEPSTPPAEP
MTFR2_RAT,B0K035,GKAALFHPSKLPWDLSSPALSQNRTVADDLPVS
MTG1_DROME,Q9VCU5,HFFRSGQLGHMNLDEPSGFR-------------
LIPG2_ARATH,Q9M8S2,ETEEIEQSEGTSLKIFTFRELATATKNFRQECL
